theta0,theta1
0.9395026988411547075214018627,-1.003886636211712088138493118
